Localidad,Commercial,Transport,pcorr,pval
ANTONIO NARIÑO,Wholesale,Transmilenio,-0.184639995,1.08E-11
ANTONIO NARIÑO,Wholesale,SITP,-0.060257031,0.005706873
ANTONIO NARIÑO,Wholesale,P.Vehiches,0.027533263,0.206904857
ANTONIO NARIÑO,Wholesale,Walking,-0.040092614,0.066028196
ANTONIO NARIÑO,Wholesale,Cycling,-0.097946916,7.20E-05
ANTONIO NARIÑO,Used Goods,Transmilenio,0.050616539,0.064577992
ANTONIO NARIÑO,Used Goods,SITP,0.155716663,6.94E-13
ANTONIO NARIÑO,Used Goods,P.Vehiches,0.131359079,1.48E-09
ANTONIO NARIÑO,Used Goods,Walking,0.103972202,1.77E-06
ANTONIO NARIÑO,Used Goods,Cycling,0.202952647,1.12E-16
ANTONIO NARIÑO,Retail,Transmilenio,-0.171587232,2.83E-10
ANTONIO NARIÑO,Retail,SITP,0.004626572,0.832073836
ANTONIO NARIÑO,Retail,P.Vehiches,0.002309688,0.915696636
ANTONIO NARIÑO,Retail,Walking,-0.095232445,1.22E-05
ANTONIO NARIÑO,Retail,Cycling,-0.046177012,0.061778165
ANTONIO NARIÑO,"Restaurants, Cafés and Bars",Transmilenio,0.026018848,0.342324998
ANTONIO NARIÑO,"Restaurants, Cafés and Bars",SITP,-0.070732231,0.001171171
ANTONIO NARIÑO,"Restaurants, Cafés and Bars",P.Vehiches,0.000850884,0.968892749
ANTONIO NARIÑO,"Restaurants, Cafés and Bars",Walking,-0.018700437,0.391368273
ANTONIO NARIÑO,"Restaurants, Cafés and Bars",Cycling,-0.002102636,0.932255455
ANTONIO NARIÑO,Personal Care,Transmilenio,0.006625873,0.808951466
ANTONIO NARIÑO,Personal Care,SITP,-0.120323336,3.12E-08
ANTONIO NARIÑO,Personal Care,P.Vehiches,0.082148282,0.000162379
ANTONIO NARIÑO,Personal Care,Walking,-0.049274208,0.023841781
ANTONIO NARIÑO,Personal Care,Cycling,0.026545249,0.283098091
ANTONIO NARIÑO,Cultural and Entertainment,Transmilenio,-0.090750215,0.000905673
ANTONIO NARIÑO,Cultural and Entertainment,SITP,0.08688696,6.62E-05
ANTONIO NARIÑO,Cultural and Entertainment,P.Vehiches,0.000251126,0.990817015
ANTONIO NARIÑO,Cultural and Entertainment,Walking,-0.037573066,0.084955919
ANTONIO NARIÑO,Cultural and Entertainment,Cycling,-0.082394519,0.000847493
ANTONIO NARIÑO,Banking and Post Offices,Transmilenio,0.02802416,0.31661034
ANTONIO NARIÑO,Banking and Post Offices,SITP,-0.089490179,7.00E-05
ANTONIO NARIÑO,Banking and Post Offices,P.Vehiches,0.140640339,3.66E-10
ANTONIO NARIÑO,Banking and Post Offices,Walking,-0.006461976,0.774448608
ANTONIO NARIÑO,Banking and Post Offices,Cycling,0.025970023,0.302698617
ANTONIO NARIÑO,ALL Commercial Activity,Transmilenio,-0.107976193,7.76E-05
ANTONIO NARIÑO,ALL Commercial Activity,SITP,-0.010188368,0.640530382
ANTONIO NARIÑO,ALL Commercial Activity,P.Vehiches,0.01358802,0.533426349
ANTONIO NARIÑO,ALL Commercial Activity,Walking,-0.067349977,0.001999946
ANTONIO NARIÑO,ALL Commercial Activity,Cycling,-0.023845604,0.334950751
TUNJUELITO,Wholesale,Transmilenio,0.405315012,3.13E-64
TUNJUELITO,Wholesale,SITP,-0.104030748,4.70E-10
TUNJUELITO,Wholesale,P.Vehiches,0.118666859,1.15E-12
TUNJUELITO,Wholesale,Walking,0.289204535,1.07E-69
TUNJUELITO,Wholesale,Cycling,-0.146184691,6.68E-15
TUNJUELITO,Used Goods,Transmilenio,0.376332489,1.46E-55
TUNJUELITO,Used Goods,SITP,0.254456994,1.87E-54
TUNJUELITO,Used Goods,P.Vehiches,0.323969936,5.48E-89
TUNJUELITO,Used Goods,Walking,0.485746202,3.88E-213
TUNJUELITO,Used Goods,Cycling,0.057110564,0.002435684
TUNJUELITO,Retail,Transmilenio,0.376207892,1.18E-56
TUNJUELITO,Retail,SITP,0.172282799,1.09E-25
TUNJUELITO,Retail,P.Vehiches,0.549515402,8.37E-287
TUNJUELITO,Retail,Walking,0.532593329,2.67E-266
TUNJUELITO,Retail,Cycling,-0.277846801,2.47E-51
TUNJUELITO,"Restaurants, Cafés and Bars",Transmilenio,0.337146081,2.22E-45
TUNJUELITO,"Restaurants, Cafés and Bars",SITP,0.227359959,6.63E-44
TUNJUELITO,"Restaurants, Cafés and Bars",P.Vehiches,0.560196943,5.90E-300
TUNJUELITO,"Restaurants, Cafés and Bars",Walking,0.600601333,0
TUNJUELITO,"Restaurants, Cafés and Bars",Cycling,-0.208217966,6.05E-29
TUNJUELITO,Personal Care,Transmilenio,0.107120753,2.33E-05
TUNJUELITO,Personal Care,SITP,0.046382732,0.006371814
TUNJUELITO,Personal Care,P.Vehiches,0.369252892,3.62E-112
TUNJUELITO,Personal Care,Walking,0.436591299,6.12E-161
TUNJUELITO,Personal Care,Cycling,-0.319218579,4.12E-66
TUNJUELITO,Cultural and Entertainment,Transmilenio,0.41864722,2.76E-68
TUNJUELITO,Cultural and Entertainment,SITP,0.27697848,3.43E-63
TUNJUELITO,Cultural and Entertainment,P.Vehiches,0.532542738,7.83E-258
TUNJUELITO,Cultural and Entertainment,Walking,0.559575417,4.29E-290
TUNJUELITO,Cultural and Entertainment,Cycling,-0.177146796,4.70E-21
TUNJUELITO,Banking and Post Offices,Transmilenio,0.2213953,1.63E-12
TUNJUELITO,Banking and Post Offices,SITP,0.157492285,2.93E-14
TUNJUELITO,Banking and Post Offices,P.Vehiches,0.222027102,4.09E-27
TUNJUELITO,Banking and Post Offices,Walking,0.244286805,1.22E-32
TUNJUELITO,Banking and Post Offices,Cycling,-0.041607648,0.072503414
TUNJUELITO,ALL Commercial Activity,Transmilenio,0.386374305,1.92E-60
TUNJUELITO,ALL Commercial Activity,SITP,0.18621855,5.95E-30
TUNJUELITO,ALL Commercial Activity,P.Vehiches,0.550506174,1.57E-289
TUNJUELITO,ALL Commercial Activity,Walking,0.583174841,0
TUNJUELITO,ALL Commercial Activity,Cycling,-0.250226204,1.17E-41
RAFAEL URIBE URIBE,Wholesale,Transmilenio,0.528196572,2.27E-115
RAFAEL URIBE URIBE,Wholesale,SITP,0.250265359,2.35E-71
RAFAEL URIBE URIBE,Wholesale,P.Vehiches,0.535208737,0
RAFAEL URIBE URIBE,Wholesale,Walking,0.556867937,0
RAFAEL URIBE URIBE,Wholesale,Cycling,-0.003026541,0.904197977
RAFAEL URIBE URIBE,Used Goods,Transmilenio,0.365722073,1.35E-51
RAFAEL URIBE URIBE,Used Goods,SITP,0.434069065,5.01E-227
RAFAEL URIBE URIBE,Used Goods,P.Vehiches,0.674859267,0
RAFAEL URIBE URIBE,Used Goods,Walking,0.507774045,2e-323
RAFAEL URIBE URIBE,Used Goods,Cycling,0.159748323,1.62E-10
RAFAEL URIBE URIBE,Retail,Transmilenio,0.361105447,2.40E-50
RAFAEL URIBE URIBE,Retail,SITP,0.384026706,2.21E-174
RAFAEL URIBE URIBE,Retail,P.Vehiches,0.552455107,0
RAFAEL URIBE URIBE,Retail,Walking,0.558344695,0
RAFAEL URIBE URIBE,Retail,Cycling,0.254403527,7.06E-25
RAFAEL URIBE URIBE,"Restaurants, Cafés and Bars",Transmilenio,0.478160172,5.11E-92
RAFAEL URIBE URIBE,"Restaurants, Cafés and Bars",SITP,0.349598877,7.11E-143
RAFAEL URIBE URIBE,"Restaurants, Cafés and Bars",P.Vehiches,0.513339906,0
RAFAEL URIBE URIBE,"Restaurants, Cafés and Bars",Walking,0.529189151,0
RAFAEL URIBE URIBE,"Restaurants, Cafés and Bars",Cycling,0.171180581,6.56E-12
RAFAEL URIBE URIBE,Personal Care,Transmilenio,-0.067292595,0.008065328
RAFAEL URIBE URIBE,Personal Care,SITP,0.289474626,1.48E-93
RAFAEL URIBE URIBE,Personal Care,P.Vehiches,0.294455962,6.94E-97
RAFAEL URIBE URIBE,Personal Care,Walking,0.33472103,2.50E-126
RAFAEL URIBE URIBE,Personal Care,Cycling,0.423765132,1.70E-68
RAFAEL URIBE URIBE,Cultural and Entertainment,Transmilenio,0.289171522,1.34E-31
RAFAEL URIBE URIBE,Cultural and Entertainment,SITP,0.244158998,1.00E-67
RAFAEL URIBE URIBE,Cultural and Entertainment,P.Vehiches,0.291838568,3.07E-97
RAFAEL URIBE URIBE,Cultural and Entertainment,Walking,0.349081848,4.80E-141
RAFAEL URIBE URIBE,Cultural and Entertainment,Cycling,0.19255952,9.95E-15
RAFAEL URIBE URIBE,Banking and Post Offices,Transmilenio,0.168679939,1.53E-09
RAFAEL URIBE URIBE,Banking and Post Offices,SITP,0.308144008,4.80E-71
RAFAEL URIBE URIBE,Banking and Post Offices,P.Vehiches,0.436173716,4.05E-148
RAFAEL URIBE URIBE,Banking and Post Offices,Walking,0.321912609,1.01E-77
RAFAEL URIBE URIBE,Banking and Post Offices,Cycling,0.124532228,7.56E-06
RAFAEL URIBE URIBE,ALL Commercial Activity,Transmilenio,0.418688115,8.38E-69
RAFAEL URIBE URIBE,ALL Commercial Activity,SITP,0.389421228,1.02E-179
RAFAEL URIBE URIBE,ALL Commercial Activity,P.Vehiches,0.572382869,0
RAFAEL URIBE URIBE,ALL Commercial Activity,Walking,0.570187042,0
RAFAEL URIBE URIBE,ALL Commercial Activity,Cycling,0.233540233,4.11E-21
CANDELARIA,Wholesale,Transmilenio,0.697562854,1.27E-61
CANDELARIA,Wholesale,SITP,0.538959381,2.70E-62
CANDELARIA,Wholesale,P.Vehiches,0.589697055,4.06E-77
CANDELARIA,Wholesale,Walking,0.569035768,9.05E-71
CANDELARIA,Wholesale,Cycling,0.478053823,1.54E-25
CANDELARIA,Used Goods,Transmilenio,0.655169516,4.03E-52
CANDELARIA,Used Goods,SITP,0.488080035,9.25E-49
CANDELARIA,Used Goods,P.Vehiches,0.771366748,1.30E-157
CANDELARIA,Used Goods,Walking,0.720690917,3.82E-128
CANDELARIA,Used Goods,Cycling,0.491405899,4.25E-27
CANDELARIA,Retail,Transmilenio,0.729421837,6.17E-70
CANDELARIA,Retail,SITP,0.543955085,4.20E-64
CANDELARIA,Retail,P.Vehiches,0.586589794,1.10E-76
CANDELARIA,Retail,Walking,0.549864152,9.70E-66
CANDELARIA,Retail,Cycling,0.539482864,2.57E-33
CANDELARIA,"Restaurants, Cafés and Bars",Transmilenio,0.449348599,5.75E-22
CANDELARIA,"Restaurants, Cafés and Bars",SITP,0.062290009,0.073051129
CANDELARIA,"Restaurants, Cafés and Bars",P.Vehiches,0.717161683,7.81E-132
CANDELARIA,"Restaurants, Cafés and Bars",Walking,0.625744675,2.64E-91
CANDELARIA,"Restaurants, Cafés and Bars",Cycling,0.436955353,3.77E-21
CANDELARIA,Personal Care,Transmilenio,0.513706052,2.95E-29
CANDELARIA,Personal Care,SITP,0.141114376,7.19E-05
CANDELARIA,Personal Care,P.Vehiches,0.812435939,7.21E-186
CANDELARIA,Personal Care,Walking,0.725979748,1.32E-129
CANDELARIA,Personal Care,Cycling,0.485180484,2.31E-26
CANDELARIA,Cultural and Entertainment,Transmilenio,0.55738311,3.64E-35
CANDELARIA,Cultural and Entertainment,SITP,0.25094289,9.12E-13
CANDELARIA,Cultural and Entertainment,P.Vehiches,0.81543623,1.43E-188
CANDELARIA,Cultural and Entertainment,Walking,0.820661941,5.58E-193
CANDELARIA,Cultural and Entertainment,Cycling,0.499618161,4.31E-28
CANDELARIA,Banking and Post Offices,Transmilenio,0.330940622,5.18E-12
CANDELARIA,Banking and Post Offices,SITP,0.007623104,0.839203671
CANDELARIA,Banking and Post Offices,P.Vehiches,0.636795924,4.04E-82
CANDELARIA,Banking and Post Offices,Walking,0.566929006,1.06E-61
CANDELARIA,Banking and Post Offices,Cycling,0.245476245,3.86E-07
CANDELARIA,ALL Commercial Activity,Transmilenio,0.743834925,4.24E-74
CANDELARIA,ALL Commercial Activity,SITP,0.507236567,2.09E-55
CANDELARIA,ALL Commercial Activity,P.Vehiches,0.664937728,6.41E-107
CANDELARIA,ALL Commercial Activity,Walking,0.619773407,4.04E-89
CANDELARIA,ALL Commercial Activity,Cycling,0.55907481,3.78E-36
BARRIOS UNIDOS,Wholesale,Transmilenio,0.140460906,9.32E-14
BARRIOS UNIDOS,Wholesale,SITP,0.003595112,0.809123842
BARRIOS UNIDOS,Wholesale,P.Vehiches,0.03680741,0.013363618
BARRIOS UNIDOS,Wholesale,Walking,0.185143877,4.05E-36
BARRIOS UNIDOS,Wholesale,Cycling,-0.160708989,2.30E-26
BARRIOS UNIDOS,Used Goods,Transmilenio,-0.034953071,0.064944133
BARRIOS UNIDOS,Used Goods,SITP,0.067319324,5.96E-06
BARRIOS UNIDOS,Used Goods,P.Vehiches,-0.005088477,0.732456798
BARRIOS UNIDOS,Used Goods,Walking,0.153443392,3.39E-25
BARRIOS UNIDOS,Used Goods,Cycling,-0.069163996,5.43E-06
BARRIOS UNIDOS,Retail,Transmilenio,-0.006191606,0.743787868
BARRIOS UNIDOS,Retail,SITP,0.008313717,0.567733455
BARRIOS UNIDOS,Retail,P.Vehiches,-0.028353265,0.05128979
BARRIOS UNIDOS,Retail,Walking,0.160717864,1.02E-28
BARRIOS UNIDOS,Retail,Cycling,-0.134298331,1.16E-19
BARRIOS UNIDOS,"Restaurants, Cafés and Bars",Transmilenio,0.090102785,1.88E-06
BARRIOS UNIDOS,"Restaurants, Cafés and Bars",SITP,0.140652509,3.28E-22
BARRIOS UNIDOS,"Restaurants, Cafés and Bars",P.Vehiches,0.126734091,2.68E-18
BARRIOS UNIDOS,"Restaurants, Cafés and Bars",Walking,0.372845283,5.04E-155
BARRIOS UNIDOS,"Restaurants, Cafés and Bars",Cycling,-0.1058532,1.08E-12
BARRIOS UNIDOS,Personal Care,Transmilenio,0.052054386,0.005992443
BARRIOS UNIDOS,Personal Care,SITP,0.050069974,0.000786922
BARRIOS UNIDOS,Personal Care,P.Vehiches,0.09897025,2.96E-11
BARRIOS UNIDOS,Personal Care,Walking,0.182316974,7.01E-35
BARRIOS UNIDOS,Personal Care,Cycling,-0.238281371,1.79E-56
BARRIOS UNIDOS,Cultural and Entertainment,Transmilenio,0.16234927,8.13E-18
BARRIOS UNIDOS,Cultural and Entertainment,SITP,0.034231749,0.020191542
BARRIOS UNIDOS,Cultural and Entertainment,P.Vehiches,0.134493454,4.96E-20
BARRIOS UNIDOS,Cultural and Entertainment,Walking,0.313097081,2.96E-105
BARRIOS UNIDOS,Cultural and Entertainment,Cycling,-0.083118552,3.33E-08
BARRIOS UNIDOS,Banking and Post Offices,Transmilenio,0.203891379,1.97E-26
BARRIOS UNIDOS,Banking and Post Offices,SITP,0.129266864,1.57E-17
BARRIOS UNIDOS,Banking and Post Offices,P.Vehiches,0.162676993,5.87E-27
BARRIOS UNIDOS,Banking and Post Offices,Walking,0.190426081,1.71E-36
BARRIOS UNIDOS,Banking and Post Offices,Cycling,-0.081589023,1.62E-07
BARRIOS UNIDOS,ALL Commercial Activity,Transmilenio,0.020569243,0.277518873
BARRIOS UNIDOS,ALL Commercial Activity,SITP,0.054463989,0.000176884
BARRIOS UNIDOS,ALL Commercial Activity,P.Vehiches,0.031154602,0.03203524
BARRIOS UNIDOS,ALL Commercial Activity,Walking,0.240716029,2.09E-63
BARRIOS UNIDOS,ALL Commercial Activity,Cycling,-0.125448312,2.27E-17
TEUSAQUILLO,Wholesale,Transmilenio,0.070942167,0.00011115
TEUSAQUILLO,Wholesale,SITP,-0.002822835,0.836052642
TEUSAQUILLO,Wholesale,P.Vehiches,0.287357502,9.70E-103
TEUSAQUILLO,Wholesale,Walking,0.370451397,1.51E-174
TEUSAQUILLO,Wholesale,Cycling,0.021394835,0.132349776
TEUSAQUILLO,Used Goods,Transmilenio,0.097073359,1.22E-07
TEUSAQUILLO,Used Goods,SITP,0.099140208,4.25E-13
TEUSAQUILLO,Used Goods,P.Vehiches,0.372472293,9.89E-175
TEUSAQUILLO,Used Goods,Walking,0.335832706,2.10E-140
TEUSAQUILLO,Used Goods,Cycling,0.04890297,0.000620173
TEUSAQUILLO,Retail,Transmilenio,0.0912726,5.99E-07
TEUSAQUILLO,Retail,SITP,0.11694755,1.70E-18
TEUSAQUILLO,Retail,P.Vehiches,0.376375045,9.25E-188
TEUSAQUILLO,Retail,Walking,0.380069441,9.29E-192
TEUSAQUILLO,Retail,Cycling,0.136100888,9.33E-23
TEUSAQUILLO,"Restaurants, Cafés and Bars",Transmilenio,0.229195512,9.01E-37
TEUSAQUILLO,"Restaurants, Cafés and Bars",SITP,0.135151051,7.45E-24
TEUSAQUILLO,"Restaurants, Cafés and Bars",P.Vehiches,0.391028453,1.66E-200
TEUSAQUILLO,"Restaurants, Cafés and Bars",Walking,0.456917364,3.95E-282
TEUSAQUILLO,"Restaurants, Cafés and Bars",Cycling,0.050171173,0.000352373
TEUSAQUILLO,Personal Care,Transmilenio,0.114245979,4.50E-10
TEUSAQUILLO,Personal Care,SITP,0.055246601,6.58E-05
TEUSAQUILLO,Personal Care,P.Vehiches,0.255906243,9.84E-79
TEUSAQUILLO,Personal Care,Walking,0.309829801,2.27E-116
TEUSAQUILLO,Personal Care,Cycling,0.09819081,1.01E-11
TEUSAQUILLO,Cultural and Entertainment,Transmilenio,0.156200575,1.36E-17
TEUSAQUILLO,Cultural and Entertainment,SITP,0.120007286,8.73E-19
TEUSAQUILLO,Cultural and Entertainment,P.Vehiches,0.415547228,1.37E-224
TEUSAQUILLO,Cultural and Entertainment,Walking,0.51304637,0
TEUSAQUILLO,Cultural and Entertainment,Cycling,0.08570357,1.43E-09
TEUSAQUILLO,Banking and Post Offices,Transmilenio,0.098268472,3.43E-07
TEUSAQUILLO,Banking and Post Offices,SITP,0.049699839,0.000636189
TEUSAQUILLO,Banking and Post Offices,P.Vehiches,0.165805228,1.92E-30
TEUSAQUILLO,Banking and Post Offices,Walking,0.226348312,6.72E-56
TEUSAQUILLO,Banking and Post Offices,Cycling,0.05301302,0.000452261
TEUSAQUILLO,ALL Commercial Activity,Transmilenio,0.148572892,3.49E-16
TEUSAQUILLO,ALL Commercial Activity,SITP,0.129528286,2.24E-22
TEUSAQUILLO,ALL Commercial Activity,P.Vehiches,0.403642616,2.25E-218
TEUSAQUILLO,ALL Commercial Activity,Walking,0.435148541,1.99E-257
TEUSAQUILLO,ALL Commercial Activity,Cycling,0.108228744,6.38E-15
PUENTE ARANDA,Wholesale,Transmilenio,-0.066717195,0.000791057
PUENTE ARANDA,Wholesale,SITP,0.036016167,0.003110616
PUENTE ARANDA,Wholesale,P.Vehiches,-0.079302029,7.12E-11
PUENTE ARANDA,Wholesale,Walking,-0.13306958,5.38E-28
PUENTE ARANDA,Wholesale,Cycling,0.028206871,0.038414863
PUENTE ARANDA,Used Goods,Transmilenio,-0.078930278,7.13E-05
PUENTE ARANDA,Used Goods,SITP,0.064557722,1.14E-07
PUENTE ARANDA,Used Goods,P.Vehiches,0.060529538,6.63E-07
PUENTE ARANDA,Used Goods,Walking,0.013986943,0.251017842
PUENTE ARANDA,Used Goods,Cycling,0.01966321,0.14898015
PUENTE ARANDA,Retail,Transmilenio,-0.095224168,1.62E-06
PUENTE ARANDA,Retail,SITP,-0.048614243,6.56E-05
PUENTE ARANDA,Retail,P.Vehiches,-0.042279085,0.000518248
PUENTE ARANDA,Retail,Walking,-0.041801083,0.000599448
PUENTE ARANDA,Retail,Cycling,-0.010648265,0.434534723
PUENTE ARANDA,"Restaurants, Cafés and Bars",Transmilenio,0.060579635,0.002314564
PUENTE ARANDA,"Restaurants, Cafés and Bars",SITP,-0.058197949,1.75E-06
PUENTE ARANDA,"Restaurants, Cafés and Bars",P.Vehiches,0.027658227,0.023196727
PUENTE ARANDA,"Restaurants, Cafés and Bars",Walking,0.051533007,2.32E-05
PUENTE ARANDA,"Restaurants, Cafés and Bars",Cycling,-0.117415104,5.31E-18
PUENTE ARANDA,Personal Care,Transmilenio,-0.020751875,0.30572588
PUENTE ARANDA,Personal Care,SITP,-0.256645836,2.18E-98
PUENTE ARANDA,Personal Care,P.Vehiches,-0.105354259,1.59E-17
PUENTE ARANDA,Personal Care,Walking,0.081054481,5.84E-11
PUENTE ARANDA,Personal Care,Cycling,-0.357781827,1.20E-157
PUENTE ARANDA,Cultural and Entertainment,Transmilenio,-0.019290803,0.3335248
PUENTE ARANDA,Cultural and Entertainment,SITP,-0.14556892,3.58E-33
PUENTE ARANDA,Cultural and Entertainment,P.Vehiches,0.006750305,0.579941938
PUENTE ARANDA,Cultural and Entertainment,Walking,0.125404933,5.56E-25
PUENTE ARANDA,Cultural and Entertainment,Cycling,-0.210092735,1.08E-54
PUENTE ARANDA,Banking and Post Offices,Transmilenio,0.070297847,0.000589783
PUENTE ARANDA,Banking and Post Offices,SITP,0.159845002,3.35E-36
PUENTE ARANDA,Banking and Post Offices,P.Vehiches,-0.015341394,0.230868613
PUENTE ARANDA,Banking and Post Offices,Walking,-0.126185285,4.43E-23
PUENTE ARANDA,Banking and Post Offices,Cycling,0.100646818,1.26E-12
PUENTE ARANDA,ALL Commercial Activity,Transmilenio,-0.074025714,0.000195712
PUENTE ARANDA,ALL Commercial Activity,SITP,-0.04497714,0.000221735
PUENTE ARANDA,ALL Commercial Activity,P.Vehiches,-0.032893677,0.006931503
PUENTE ARANDA,ALL Commercial Activity,Walking,-0.03021306,0.013139321
PUENTE ARANDA,ALL Commercial Activity,Cycling,-0.028272821,0.037964008
LOS MARTIRES,Wholesale,Transmilenio,-0.138150092,3.78E-09
LOS MARTIRES,Wholesale,SITP,-0.219669359,4.19E-27
LOS MARTIRES,Wholesale,P.Vehiches,-0.269960611,1.42E-40
LOS MARTIRES,Wholesale,Walking,-0.26952594,1.91E-40
LOS MARTIRES,Wholesale,Cycling,-0.032842451,0.124938444
LOS MARTIRES,Used Goods,Transmilenio,0.031810959,0.176726339
LOS MARTIRES,Used Goods,SITP,-0.286174733,1.37E-45
LOS MARTIRES,Used Goods,P.Vehiches,-0.181393886,7.45E-19
LOS MARTIRES,Used Goods,Walking,-0.238653709,7.91E-32
LOS MARTIRES,Used Goods,Cycling,0.321365334,1.19E-53
LOS MARTIRES,Retail,Transmilenio,-0.116190077,7.43E-07
LOS MARTIRES,Retail,SITP,-0.377642374,1.22E-80
LOS MARTIRES,Retail,P.Vehiches,-0.293493112,5.78E-48
LOS MARTIRES,Retail,Walking,-0.343619779,3.42E-66
LOS MARTIRES,Retail,Cycling,-0.063392196,0.003038551
LOS MARTIRES,"Restaurants, Cafés and Bars",Transmilenio,0.11992273,3.22E-07
LOS MARTIRES,"Restaurants, Cafés and Bars",SITP,-0.357600896,6.46E-72
LOS MARTIRES,"Restaurants, Cafés and Bars",P.Vehiches,-0.145605949,1.27E-12
LOS MARTIRES,"Restaurants, Cafés and Bars",Walking,-0.129665276,2.74E-10
LOS MARTIRES,"Restaurants, Cafés and Bars",Cycling,-0.189266347,4.63E-19
LOS MARTIRES,Personal Care,Transmilenio,0.038777898,0.099564526
LOS MARTIRES,Personal Care,SITP,-0.205988565,5.80E-24
LOS MARTIRES,Personal Care,P.Vehiches,0.280314977,9.74E-44
LOS MARTIRES,Personal Care,Walking,0.200577916,8.84E-23
LOS MARTIRES,Personal Care,Cycling,-0.176313351,1.04E-16
LOS MARTIRES,Cultural and Entertainment,Transmilenio,0.150534557,1.30E-10
LOS MARTIRES,Cultural and Entertainment,SITP,-0.382225653,1.01E-82
LOS MARTIRES,Cultural and Entertainment,P.Vehiches,-0.038814347,0.059767505
LOS MARTIRES,Cultural and Entertainment,Walking,-0.11477754,2.36E-08
LOS MARTIRES,Cultural and Entertainment,Cycling,-0.162725077,1.99E-14
LOS MARTIRES,Banking and Post Offices,Transmilenio,-0.005086733,0.829577915
LOS MARTIRES,Banking and Post Offices,SITP,-0.135469038,1.54E-10
LOS MARTIRES,Banking and Post Offices,P.Vehiches,-0.266959997,1.87E-37
LOS MARTIRES,Banking and Post Offices,Walking,-0.225914755,4.99E-27
LOS MARTIRES,Banking and Post Offices,Cycling,-0.094545255,1.81E-05
LOS MARTIRES,ALL Commercial Activity,Transmilenio,-0.094164783,6.16E-05
LOS MARTIRES,ALL Commercial Activity,SITP,-0.385466388,3.24E-84
LOS MARTIRES,ALL Commercial Activity,P.Vehiches,-0.28629125,1.26E-45
LOS MARTIRES,ALL Commercial Activity,Walking,-0.332731956,6.21E-62
LOS MARTIRES,ALL Commercial Activity,Cycling,-0.05265638,0.013851011
USAQUEN,Wholesale,Transmilenio,0.199012279,6.60E-30
USAQUEN,Wholesale,SITP,0.199436378,2.06E-108
USAQUEN,Wholesale,P.Vehiches,0.245666356,3.30E-165
USAQUEN,Wholesale,Walking,0.265852333,3.63E-194
USAQUEN,Wholesale,Cycling,0.11547609,7.71E-25
USAQUEN,Used Goods,Transmilenio,0.403991453,1.46E-124
USAQUEN,Used Goods,SITP,0.054307735,3.45E-09
USAQUEN,Used Goods,P.Vehiches,0.076745193,6.50E-17
USAQUEN,Used Goods,Walking,0.282397788,1.26E-215
USAQUEN,Used Goods,Cycling,0.063629072,2.10E-08
USAQUEN,Retail,Transmilenio,0.174351234,3.02E-23
USAQUEN,Retail,SITP,0.098019257,4.33E-28
USAQUEN,Retail,P.Vehiches,0.08561663,8.58E-22
USAQUEN,Retail,Walking,0.327345854,3.0949386684058e-310
USAQUEN,Retail,Cycling,0.053735567,1.64E-06
USAQUEN,"Restaurants, Cafés and Bars",Transmilenio,0.040639146,0.021630706
USAQUEN,"Restaurants, Cafés and Bars",SITP,0.167284368,1.50E-78
USAQUEN,"Restaurants, Cafés and Bars",P.Vehiches,0.1076858,2.52E-33
USAQUEN,"Restaurants, Cafés and Bars",Walking,0.335441077,1e-323
USAQUEN,"Restaurants, Cafés and Bars",Cycling,0.062474924,2.69E-08
USAQUEN,Personal Care,Transmilenio,-0.018141147,0.308903472
USAQUEN,Personal Care,SITP,0.065796925,4.13E-12
USAQUEN,Personal Care,P.Vehiches,0.151728702,4.68E-58
USAQUEN,Personal Care,Walking,0.227981967,1.33E-130
USAQUEN,Personal Care,Cycling,0.10500651,1.96E-19
USAQUEN,Cultural and Entertainment,Transmilenio,0.042794903,0.015721252
USAQUEN,Cultural and Entertainment,SITP,0.022093397,0.01610634
USAQUEN,Cultural and Entertainment,P.Vehiches,0.022615897,0.013761707
USAQUEN,Cultural and Entertainment,Walking,0.284211686,2.90E-219
USAQUEN,Cultural and Entertainment,Cycling,-0.067119804,4.29E-09
USAQUEN,Banking and Post Offices,Transmilenio,-0.105811957,6.45E-08
USAQUEN,Banking and Post Offices,SITP,0.005900696,0.571208909
USAQUEN,Banking and Post Offices,P.Vehiches,-0.047822493,4.39E-06
USAQUEN,Banking and Post Offices,Walking,-0.105302176,3.92E-24
USAQUEN,Banking and Post Offices,Cycling,-0.099727605,2.11E-15
USAQUEN,ALL Commercial Activity,Transmilenio,0.155390071,9.18E-19
USAQUEN,ALL Commercial Activity,SITP,0.143989071,1.35E-59
USAQUEN,ALL Commercial Activity,P.Vehiches,0.130838538,1.97E-49
USAQUEN,ALL Commercial Activity,Walking,0.359293713,0
USAQUEN,ALL Commercial Activity,Cycling,0.067718641,1.46E-09
CHAPINERO,Wholesale,Transmilenio,0.227460239,5.98E-36
CHAPINERO,Wholesale,SITP,0.111803462,1.38E-12
CHAPINERO,Wholesale,P.Vehiches,0.295895064,1.59E-81
CHAPINERO,Wholesale,Walking,0.277025071,2.76E-71
CHAPINERO,Wholesale,Cycling,-0.160198913,9.75E-18
CHAPINERO,Used Goods,Transmilenio,0.185320535,1.23E-23
CHAPINERO,Used Goods,SITP,0.142107682,1.54E-19
CHAPINERO,Used Goods,P.Vehiches,0.270265316,4.51E-68
CHAPINERO,Used Goods,Walking,0.262985211,2.01E-64
CHAPINERO,Used Goods,Cycling,-0.14883899,1.78E-15
CHAPINERO,Retail,Transmilenio,0.442762427,1.33E-142
CHAPINERO,Retail,SITP,0.354129591,3.08E-122
CHAPINERO,Retail,P.Vehiches,0.558162911,0
CHAPINERO,Retail,Walking,0.592382332,0
CHAPINERO,Retail,Cycling,-0.169792576,9.21E-20
CHAPINERO,"Restaurants, Cafés and Bars",Transmilenio,0.593516111,2.84E-281
CHAPINERO,"Restaurants, Cafés and Bars",SITP,0.445697522,1.88E-200
CHAPINERO,"Restaurants, Cafés and Bars",P.Vehiches,0.649454093,0
CHAPINERO,"Restaurants, Cafés and Bars",Walking,0.685799465,0
CHAPINERO,"Restaurants, Cafés and Bars",Cycling,-0.229728491,3.11E-35
CHAPINERO,Personal Care,Transmilenio,0.374094727,1.53E-94
CHAPINERO,Personal Care,SITP,0.32650644,2.38E-96
CHAPINERO,Personal Care,P.Vehiches,0.50404723,2.64E-247
CHAPINERO,Personal Care,Walking,0.515454622,1.90E-260
CHAPINERO,Personal Care,Cycling,-0.170783328,5.60E-20
CHAPINERO,Cultural and Entertainment,Transmilenio,0.563527153,6.67E-247
CHAPINERO,Cultural and Entertainment,SITP,0.439094819,1.77E-193
CHAPINERO,Cultural and Entertainment,P.Vehiches,0.617796703,0
CHAPINERO,Cultural and Entertainment,Walking,0.642337617,0
CHAPINERO,Cultural and Entertainment,Cycling,-0.158033686,2.83E-17
CHAPINERO,Banking and Post Offices,Transmilenio,0.242234194,2.22E-34
CHAPINERO,Banking and Post Offices,SITP,0.221627817,4.10E-40
CHAPINERO,Banking and Post Offices,P.Vehiches,0.215553328,5.47E-38
CHAPINERO,Banking and Post Offices,Walking,0.176313535,8.87E-26
CHAPINERO,Banking and Post Offices,Cycling,-0.170881121,9.86E-20
CHAPINERO,ALL Commercial Activity,Transmilenio,0.472537159,8.10E-165
CHAPINERO,ALL Commercial Activity,SITP,0.372053982,1.08E-135
CHAPINERO,ALL Commercial Activity,P.Vehiches,0.574217073,0
CHAPINERO,ALL Commercial Activity,Walking,0.599148758,0
CHAPINERO,ALL Commercial Activity,Cycling,-0.202182753,1.65E-27
SANTA FE,Wholesale,Transmilenio,0.26788107,1.21E-25
SANTA FE,Wholesale,SITP,0.312326792,4.62E-56
SANTA FE,Wholesale,P.Vehiches,0.258151097,3.01E-38
SANTA FE,Wholesale,Walking,0.351087533,2.47E-71
SANTA FE,Wholesale,Cycling,0.229906884,6.25E-19
SANTA FE,Used Goods,Transmilenio,0.197639395,1.83E-14
SANTA FE,Used Goods,SITP,0.506010811,1.40E-159
SANTA FE,Used Goods,P.Vehiches,0.395483499,1.32E-92
SANTA FE,Used Goods,Walking,0.470116083,4.59E-135
SANTA FE,Used Goods,Cycling,0.582711711,2.02E-133
SANTA FE,Retail,Transmilenio,0.225458338,1.78E-18
SANTA FE,Retail,SITP,0.335859457,1.71E-67
SANTA FE,Retail,P.Vehiches,0.280485328,8.89E-47
SANTA FE,Retail,Walking,0.370218015,1.07E-82
SANTA FE,Retail,Cycling,0.202726039,5.36E-15
SANTA FE,"Restaurants, Cafés and Bars",Transmilenio,0.023664305,0.363446141
SANTA FE,"Restaurants, Cafés and Bars",SITP,0.515411232,1.33E-171
SANTA FE,"Restaurants, Cafés and Bars",P.Vehiches,0.739773292,0
SANTA FE,"Restaurants, Cafés and Bars",Walking,0.743957516,0
SANTA FE,"Restaurants, Cafés and Bars",Cycling,0.409295853,4.99E-60
SANTA FE,Personal Care,Transmilenio,0.090263962,0.000525786
SANTA FE,Personal Care,SITP,0.612046668,5.39E-246
SANTA FE,Personal Care,P.Vehiches,0.670528481,2.285905140747e-312
SANTA FE,Personal Care,Walking,0.72826725,0
SANTA FE,Personal Care,Cycling,0.522589265,4.85E-103
SANTA FE,Cultural and Entertainment,Transmilenio,0.000985742,0.969805893
SANTA FE,Cultural and Entertainment,SITP,0.602132099,1.23E-247
SANTA FE,Cultural and Entertainment,P.Vehiches,0.53113702,8.01E-183
SANTA FE,Cultural and Entertainment,Walking,0.634705088,3.13E-283
SANTA FE,Cultural and Entertainment,Cycling,0.275367833,8.47E-27
SANTA FE,Banking and Post Offices,Transmilenio,0.12853855,1.15E-06
SANTA FE,Banking and Post Offices,SITP,0.246804997,1.13E-33
SANTA FE,Banking and Post Offices,P.Vehiches,0.450040644,1.43E-116
SANTA FE,Banking and Post Offices,Walking,0.508089036,3.60E-153
SANTA FE,Banking and Post Offices,Cycling,0.135057217,2.93E-07
SANTA FE,ALL Commercial Activity,Transmilenio,0.221439122,7.29E-18
SANTA FE,ALL Commercial Activity,SITP,0.41963772,2.13E-108
SANTA FE,ALL Commercial Activity,P.Vehiches,0.398270654,7.33E-97
SANTA FE,ALL Commercial Activity,Walking,0.483825992,1.71E-148
SANTA FE,ALL Commercial Activity,Cycling,0.284691038,1.32E-28
SAN CRISTOBAL,Wholesale,Transmilenio,0.207580261,1.69E-08
SAN CRISTOBAL,Wholesale,SITP,0.564707293,0
SAN CRISTOBAL,Wholesale,P.Vehiches,0.663981533,0
SAN CRISTOBAL,Wholesale,Walking,0.620693294,0
SAN CRISTOBAL,Wholesale,Cycling,-0.002525891,0.92700491
SAN CRISTOBAL,Used Goods,Transmilenio,0.403227375,1.01E-29
SAN CRISTOBAL,Used Goods,SITP,0.670779629,0
SAN CRISTOBAL,Used Goods,P.Vehiches,0.607093368,0
SAN CRISTOBAL,Used Goods,Walking,0.526188924,0
SAN CRISTOBAL,Used Goods,Cycling,0.350939751,1.72E-39
SAN CRISTOBAL,Retail,Transmilenio,-0.018670107,0.615748882
SAN CRISTOBAL,Retail,SITP,0.620931776,0
SAN CRISTOBAL,Retail,P.Vehiches,0.604827874,0
SAN CRISTOBAL,Retail,Walking,0.618269418,0
SAN CRISTOBAL,Retail,Cycling,0.0321398,0.243611978
SAN CRISTOBAL,"Restaurants, Cafés and Bars",Transmilenio,-0.062389868,0.093223105
SAN CRISTOBAL,"Restaurants, Cafés and Bars",SITP,0.677068244,0
SAN CRISTOBAL,"Restaurants, Cafés and Bars",P.Vehiches,0.592341926,0
SAN CRISTOBAL,"Restaurants, Cafés and Bars",Walking,0.631191546,0
SAN CRISTOBAL,"Restaurants, Cafés and Bars",Cycling,0.073051298,0.007975553
SAN CRISTOBAL,Personal Care,Transmilenio,-0.247218017,1.48E-11
SAN CRISTOBAL,Personal Care,SITP,0.527098475,0
SAN CRISTOBAL,Personal Care,P.Vehiches,0.569275046,0
SAN CRISTOBAL,Personal Care,Walking,0.571029039,0
SAN CRISTOBAL,Personal Care,Cycling,0.079976103,0.003733445
SAN CRISTOBAL,Cultural and Entertainment,Transmilenio,-0.120563039,0.00114383
SAN CRISTOBAL,Cultural and Entertainment,SITP,0.518359805,0
SAN CRISTOBAL,Cultural and Entertainment,P.Vehiches,0.492410517,0
SAN CRISTOBAL,Cultural and Entertainment,Walking,0.569690194,0
SAN CRISTOBAL,Cultural and Entertainment,Cycling,-0.047185001,0.086833024
SAN CRISTOBAL,Banking and Post Offices,Transmilenio,-0.01889105,0.635488666
SAN CRISTOBAL,Banking and Post Offices,SITP,0.228783857,6.28E-41
SAN CRISTOBAL,Banking and Post Offices,P.Vehiches,0.250395746,6.20E-49
SAN CRISTOBAL,Banking and Post Offices,Walking,0.227963051,1.22E-40
SAN CRISTOBAL,Banking and Post Offices,Cycling,-0.037251574,0.29722269
SAN CRISTOBAL,ALL Commercial Activity,Transmilenio,0.009164388,0.805420531
SAN CRISTOBAL,ALL Commercial Activity,SITP,0.660735939,0
SAN CRISTOBAL,ALL Commercial Activity,P.Vehiches,0.628775731,0
SAN CRISTOBAL,ALL Commercial Activity,Walking,0.642042181,0
SAN CRISTOBAL,ALL Commercial Activity,Cycling,0.074273923,0.006983527
USME,Wholesale,Transmilenio,-0.246068734,1.74E-05
USME,Wholesale,SITP,0.510947031,0
USME,Wholesale,P.Vehiches,0.349261735,1.66E-147
USME,Wholesale,Walking,0.6076056,0
USME,Wholesale,Cycling,0.039069004,0.053999383
USME,Used Goods,Transmilenio,-0.143363019,0.001793052
USME,Used Goods,SITP,0.523457787,0
USME,Used Goods,P.Vehiches,0.361481327,1.66E-178
USME,Used Goods,Walking,0.638869109,0
USME,Used Goods,Cycling,0.155955912,9.88E-18
USME,Retail,Transmilenio,0.186444533,6.29E-06
USME,Retail,SITP,0.554859307,0
USME,Retail,P.Vehiches,0.379057038,3.95E-237
USME,Retail,Walking,0.665860598,0
USME,Retail,Cycling,0.124931856,1.23E-12
USME,"Restaurants, Cafés and Bars",Transmilenio,0.055510783,0.185310981
USME,"Restaurants, Cafés and Bars",SITP,0.528926284,0
USME,"Restaurants, Cafés and Bars",P.Vehiches,0.318525406,7.67E-157
USME,"Restaurants, Cafés and Bars",Walking,0.614373874,0
USME,"Restaurants, Cafés and Bars",Cycling,0.123018609,3.38E-12
USME,Personal Care,Transmilenio,0.037445958,0.393678094
USME,Personal Care,SITP,0.396663979,6.92E-196
USME,Personal Care,P.Vehiches,0.271527025,1.07E-88
USME,Personal Care,Walking,0.490010118,6.73194191337e-313
USME,Personal Care,Cycling,0.014795791,0.461159414
USME,Cultural and Entertainment,Transmilenio,-0.165398914,0.000346414
USME,Cultural and Entertainment,SITP,0.428654019,2.99E-272
USME,Cultural and Entertainment,P.Vehiches,0.282025082,2.71E-112
USME,Cultural and Entertainment,Walking,0.531663528,0
USME,Cultural and Entertainment,Cycling,-0.077548735,1.73E-05
USME,Banking and Post Offices,Transmilenio,0.519415299,1.23E-17
USME,Banking and Post Offices,SITP,0.640729705,4.83E-208
USME,Banking and Post Offices,P.Vehiches,0.169014461,5.78E-13
USME,Banking and Post Offices,Walking,0.40158887,1.57E-70
USME,Banking and Post Offices,Cycling,0.027170197,0.370825933
USME,ALL Commercial Activity,Transmilenio,0.117817574,0.004564256
USME,ALL Commercial Activity,SITP,0.553443442,0
USME,ALL Commercial Activity,P.Vehiches,0.367884021,5.52E-224
USME,ALL Commercial Activity,Walking,0.658162381,0
USME,ALL Commercial Activity,Cycling,0.123883764,1.39E-12
CIUDAD BOLIVAR,Wholesale,Transmilenio,0.040765274,0.064918612
CIUDAD BOLIVAR,Wholesale,SITP,0.416149553,0
CIUDAD BOLIVAR,Wholesale,P.Vehiches,0.325577129,5.48E-198
CIUDAD BOLIVAR,Wholesale,Walking,0.48252187,0
CIUDAD BOLIVAR,Wholesale,Cycling,0.16386808,1.10E-20
CIUDAD BOLIVAR,Used Goods,Transmilenio,-0.29093517,2.69E-41
CIUDAD BOLIVAR,Used Goods,SITP,0.451720174,0
CIUDAD BOLIVAR,Used Goods,P.Vehiches,0.246463512,5.49E-118
CIUDAD BOLIVAR,Used Goods,Walking,0.590666798,0
CIUDAD BOLIVAR,Used Goods,Cycling,0.171227901,4.63E-23
CIUDAD BOLIVAR,Retail,Transmilenio,0.002466702,0.911105697
CIUDAD BOLIVAR,Retail,SITP,0.390701377,0
CIUDAD BOLIVAR,Retail,P.Vehiches,0.351505775,4.66E-259
CIUDAD BOLIVAR,Retail,Walking,0.593387128,0
CIUDAD BOLIVAR,Retail,Cycling,0.087770146,2.44E-07
CIUDAD BOLIVAR,"Restaurants, Cafés and Bars",Transmilenio,-0.277106049,1.79E-37
CIUDAD BOLIVAR,"Restaurants, Cafés and Bars",SITP,0.370470197,1.77E-282
CIUDAD BOLIVAR,"Restaurants, Cafés and Bars",P.Vehiches,0.199205673,6.32E-79
CIUDAD BOLIVAR,"Restaurants, Cafés and Bars",Walking,0.595757453,0
CIUDAD BOLIVAR,"Restaurants, Cafés and Bars",Cycling,0.101304459,6.87E-09
CIUDAD BOLIVAR,Personal Care,Transmilenio,-0.312326579,1.73E-47
CIUDAD BOLIVAR,Personal Care,SITP,0.258465705,1.21E-122
CIUDAD BOLIVAR,Personal Care,P.Vehiches,0.269672466,9.52E-134
CIUDAD BOLIVAR,Personal Care,Walking,0.45600816,0
CIUDAD BOLIVAR,Personal Care,Cycling,-0.013272483,0.459140052
CIUDAD BOLIVAR,Cultural and Entertainment,Transmilenio,-0.268786896,3.03E-35
CIUDAD BOLIVAR,Cultural and Entertainment,SITP,0.242123887,4.48E-114
CIUDAD BOLIVAR,Cultural and Entertainment,P.Vehiches,0.026501284,0.014366611
CIUDAD BOLIVAR,Cultural and Entertainment,Walking,0.387308978,2.00E-303
CIUDAD BOLIVAR,Cultural and Entertainment,Cycling,0.139487619,1.34E-15
CIUDAD BOLIVAR,Banking and Post Offices,Transmilenio,0.293794499,5.80E-30
CIUDAD BOLIVAR,Banking and Post Offices,SITP,0.171293971,9.12E-29
CIUDAD BOLIVAR,Banking and Post Offices,P.Vehiches,0.117891054,2.37E-14
CIUDAD BOLIVAR,Banking and Post Offices,Walking,0.045316644,0.003457749
CIUDAD BOLIVAR,Banking and Post Offices,Cycling,-0.130477123,1.02E-08
CIUDAD BOLIVAR,ALL Commercial Activity,Transmilenio,-0.131757193,2.10E-09
CIUDAD BOLIVAR,ALL Commercial Activity,SITP,0.403082568,0
CIUDAD BOLIVAR,ALL Commercial Activity,P.Vehiches,0.314337717,2.38E-205
CIUDAD BOLIVAR,ALL Commercial Activity,Walking,0.617275714,0
CIUDAD BOLIVAR,ALL Commercial Activity,Cycling,0.12578485,1.09E-13
BOSA,Wholesale,Transmilenio,-0.237245616,8.98E-09
BOSA,Wholesale,SITP,0.381076539,4.35E-243
BOSA,Wholesale,P.Vehiches,0.28225895,1.38E-129
BOSA,Wholesale,Walking,0.36139988,4.62E-217
BOSA,Wholesale,Cycling,-0.102771697,2.43E-16
BOSA,Used Goods,Transmilenio,-0.254942076,4.51E-10
BOSA,Used Goods,SITP,0.578105028,0
BOSA,Used Goods,P.Vehiches,0.413721429,6.45825804e-316
BOSA,Used Goods,Walking,0.444563957,0
BOSA,Used Goods,Cycling,0.222038562,1.41E-76
BOSA,Retail,Transmilenio,-0.373455479,1.14E-20
BOSA,Retail,SITP,0.539786821,0
BOSA,Retail,P.Vehiches,0.277415954,3.21E-138
BOSA,Retail,Walking,0.470677451,0
BOSA,Retail,Cycling,-0.057105042,2.28E-06
BOSA,"Restaurants, Cafés and Bars",Transmilenio,-0.343647009,1.71E-17
BOSA,"Restaurants, Cafés and Bars",SITP,0.584817169,0
BOSA,"Restaurants, Cafés and Bars",P.Vehiches,0.34628447,3.24E-218
BOSA,"Restaurants, Cafés and Bars",Walking,0.439728376,0
BOSA,"Restaurants, Cafés and Bars",Cycling,0.014214339,0.241028837
BOSA,Personal Care,Transmilenio,-0.527900078,1.42E-42
BOSA,Personal Care,SITP,0.489884853,0
BOSA,Personal Care,P.Vehiches,0.300414251,2.27E-157
BOSA,Personal Care,Walking,0.380941746,1.69E-259
BOSA,Personal Care,Cycling,-0.052488841,1.86E-05
BOSA,Cultural and Entertainment,Transmilenio,-0.222037562,6.37E-08
BOSA,Cultural and Entertainment,SITP,0.490311064,0
BOSA,Cultural and Entertainment,P.Vehiches,0.20079154,4.36E-69
BOSA,Cultural and Entertainment,Walking,0.363907872,1.11E-233
BOSA,Cultural and Entertainment,Cycling,0.002403827,0.84388172
BOSA,Banking and Post Offices,Transmilenio,0.035474577,0.43191941
BOSA,Banking and Post Offices,SITP,0.515024078,0
BOSA,Banking and Post Offices,P.Vehiches,0.248626816,3.24E-80
BOSA,Banking and Post Offices,Walking,0.236666539,1.21E-72
BOSA,Banking and Post Offices,Cycling,0.038300672,0.007701778
BOSA,ALL Commercial Activity,Transmilenio,-0.380300845,1.97E-21
BOSA,ALL Commercial Activity,SITP,0.583830288,0
BOSA,ALL Commercial Activity,P.Vehiches,0.33122188,9.02E-200
BOSA,ALL Commercial Activity,Walking,0.484619916,0
BOSA,ALL Commercial Activity,Cycling,-0.009236782,0.444887656
KENNEDY,Wholesale,Transmilenio,0.063529884,0.001095648
KENNEDY,Wholesale,SITP,0.235271657,3.90E-171
KENNEDY,Wholesale,P.Vehiches,0.316260075,6.479852336e-315
KENNEDY,Wholesale,Walking,0.384410325,0
KENNEDY,Wholesale,Cycling,0.038941555,2.49E-05
KENNEDY,Used Goods,Transmilenio,0.131882452,1.04E-11
KENNEDY,Used Goods,SITP,0.268574049,1.09E-230
KENNEDY,Used Goods,P.Vehiches,0.214207432,1.67E-145
KENNEDY,Used Goods,Walking,0.322918358,0
KENNEDY,Used Goods,Cycling,0.044842614,8.16E-07
KENNEDY,Retail,Transmilenio,-0.032407738,0.096081038
KENNEDY,Retail,SITP,0.18744799,9.78E-112
KENNEDY,Retail,P.Vehiches,0.157504333,4.82E-79
KENNEDY,Retail,Walking,0.335779978,0
KENNEDY,Retail,Cycling,0.027210458,0.002735533
KENNEDY,"Restaurants, Cafés and Bars",Transmilenio,0.062870917,0.001234407
KENNEDY,"Restaurants, Cafés and Bars",SITP,0.265566134,1.21E-225
KENNEDY,"Restaurants, Cafés and Bars",P.Vehiches,0.253097664,1.88E-204
KENNEDY,"Restaurants, Cafés and Bars",Walking,0.334146394,0
KENNEDY,"Restaurants, Cafés and Bars",Cycling,0.059369804,6.39E-11
KENNEDY,Personal Care,Transmilenio,0.018719035,0.336794364
KENNEDY,Personal Care,SITP,0.090917292,8.54E-27
KENNEDY,Personal Care,P.Vehiches,0.081995797,4.42E-22
KENNEDY,Personal Care,Walking,0.154662875,7.93E-75
KENNEDY,Personal Care,Cycling,-0.004513374,0.622374446
KENNEDY,Cultural and Entertainment,Transmilenio,-0.043456862,0.02561466
KENNEDY,Cultural and Entertainment,SITP,0.097929579,4.54E-31
KENNEDY,Cultural and Entertainment,P.Vehiches,0.097081418,1.47E-30
KENNEDY,Cultural and Entertainment,Walking,0.22550842,2.76E-160
KENNEDY,Cultural and Entertainment,Cycling,0.001706203,0.851640266
KENNEDY,Banking and Post Offices,Transmilenio,0.104321753,7.16E-07
KENNEDY,Banking and Post Offices,SITP,0.006601446,0.477451521
KENNEDY,Banking and Post Offices,P.Vehiches,0.076917417,1.14E-16
KENNEDY,Banking and Post Offices,Walking,0.117789084,4.58E-37
KENNEDY,Banking and Post Offices,Cycling,-0.005787487,0.566994474
KENNEDY,ALL Commercial Activity,Transmilenio,0.010351493,0.59512079
KENNEDY,ALL Commercial Activity,SITP,0.242743604,2.60E-188
KENNEDY,ALL Commercial Activity,P.Vehiches,0.222342979,1.52E-157
KENNEDY,ALL Commercial Activity,Walking,0.372122926,0
KENNEDY,ALL Commercial Activity,Cycling,0.043047522,2.13E-06
FONTIBON,Wholesale,Transmilenio,-0.090755709,0.001428343
FONTIBON,Wholesale,SITP,0.088625707,1.00E-17
FONTIBON,Wholesale,P.Vehiches,0.082337731,1.71E-15
FONTIBON,Wholesale,Walking,0.128365444,1.58E-35
FONTIBON,Wholesale,Cycling,0.052886137,2.90E-05
FONTIBON,Used Goods,Transmilenio,-0.125429233,4.62E-06
FONTIBON,Used Goods,SITP,0.109979081,3.83E-27
FONTIBON,Used Goods,P.Vehiches,-0.007179903,0.482651604
FONTIBON,Used Goods,Walking,0.087401434,1.11E-17
FONTIBON,Used Goods,Cycling,-0.00725014,0.565545585
FONTIBON,Retail,Transmilenio,-0.142312734,3.80E-08
FONTIBON,Retail,SITP,0.068823253,9.12E-12
FONTIBON,Retail,P.Vehiches,0.054565307,6.58E-08
FONTIBON,Retail,Walking,0.10824053,6.68E-27
FONTIBON,Retail,Cycling,0.021333692,0.090193971
FONTIBON,"Restaurants, Cafés and Bars",Transmilenio,-0.045570085,0.079782026
FONTIBON,"Restaurants, Cafés and Bars",SITP,0.056152747,2.76E-08
FONTIBON,"Restaurants, Cafés and Bars",P.Vehiches,0.061034465,1.57E-09
FONTIBON,"Restaurants, Cafés and Bars",Walking,0.098193632,2.33E-22
FONTIBON,"Restaurants, Cafés and Bars",Cycling,0.031747917,0.011773975
FONTIBON,Personal Care,Transmilenio,-0.176566778,2.51E-08
FONTIBON,Personal Care,SITP,-0.033179859,0.003305123
FONTIBON,Personal Care,P.Vehiches,0.031962931,0.004654375
FONTIBON,Personal Care,Walking,0.082968835,1.88E-13
FONTIBON,Personal Care,Cycling,-0.0254931,0.056573655
FONTIBON,Cultural and Entertainment,Transmilenio,0.035112813,0.224775508
FONTIBON,Cultural and Entertainment,SITP,0.099860082,2.74E-21
FONTIBON,Cultural and Entertainment,P.Vehiches,0.096920423,3.93E-20
FONTIBON,Cultural and Entertainment,Walking,0.112023523,2.18E-26
FONTIBON,Cultural and Entertainment,Cycling,0.066485705,2.76E-07
FONTIBON,Banking and Post Offices,Transmilenio,0.141953793,1.23E-06
FONTIBON,Banking and Post Offices,SITP,0.082225608,3.13E-11
FONTIBON,Banking and Post Offices,P.Vehiches,0.077106364,4.80E-10
FONTIBON,Banking and Post Offices,Walking,-0.005554109,0.654317151
FONTIBON,Banking and Post Offices,Cycling,0.14196233,2.26E-23
FONTIBON,ALL Commercial Activity,Transmilenio,-0.067166669,0.009697361
FONTIBON,ALL Commercial Activity,SITP,0.075822696,5.54E-14
FONTIBON,ALL Commercial Activity,P.Vehiches,0.06671674,3.84E-11
FONTIBON,ALL Commercial Activity,Walking,0.119224371,2.41E-32
FONTIBON,ALL Commercial Activity,Cycling,0.028647187,0.022857957
ENGATIVA,Wholesale,Transmilenio,0.374062488,9.63E-106
ENGATIVA,Wholesale,SITP,0.270027282,1.54E-206
ENGATIVA,Wholesale,P.Vehiches,0.342223144,0
ENGATIVA,Wholesale,Walking,0.28513359,4.46E-231
ENGATIVA,Wholesale,Cycling,0.135825994,9.96E-44
ENGATIVA,Used Goods,Transmilenio,0.241512759,2.90E-43
ENGATIVA,Used Goods,SITP,0.159743564,1.75E-72
ENGATIVA,Used Goods,P.Vehiches,0.2890675,5.33E-240
ENGATIVA,Used Goods,Walking,0.290949224,3.01E-243
ENGATIVA,Used Goods,Cycling,0.072443064,1.30E-13
ENGATIVA,Retail,Transmilenio,0.118301951,2.40E-11
ENGATIVA,Retail,SITP,0.066421066,7.05E-14
ENGATIVA,Retail,P.Vehiches,0.144635039,3.07E-60
ENGATIVA,Retail,Walking,0.151199306,1.00E-65
ENGATIVA,Retail,Cycling,-0.081426402,5.42E-17
ENGATIVA,"Restaurants, Cafés and Bars",Transmilenio,0.339280632,3.51E-86
ENGATIVA,"Restaurants, Cafés and Bars",SITP,0.183583518,1.68E-95
ENGATIVA,"Restaurants, Cafés and Bars",P.Vehiches,0.266321222,1.21E-202
ENGATIVA,"Restaurants, Cafés and Bars",Walking,0.253571044,2.92E-183
ENGATIVA,"Restaurants, Cafés and Bars",Cycling,0.013303872,0.174567029
ENGATIVA,Personal Care,Transmilenio,-0.012308182,0.492273805
ENGATIVA,Personal Care,SITP,0.008830168,0.328944587
ENGATIVA,Personal Care,P.Vehiches,0.066823264,1.40E-13
ENGATIVA,Personal Care,Walking,0.061077524,1.39E-11
ENGATIVA,Personal Care,Cycling,-0.117107586,2.99E-32
ENGATIVA,Cultural and Entertainment,Transmilenio,0.069392932,9.46E-05
ENGATIVA,Cultural and Entertainment,SITP,0.098676599,3.56E-28
ENGATIVA,Cultural and Entertainment,P.Vehiches,0.171795802,1.19E-82
ENGATIVA,Cultural and Entertainment,Walking,0.188570261,1.73E-99
ENGATIVA,Cultural and Entertainment,Cycling,-0.132516967,1.58E-41
ENGATIVA,Banking and Post Offices,Transmilenio,0.257317259,1.06E-43
ENGATIVA,Banking and Post Offices,SITP,0.054614527,1.14E-08
ENGATIVA,Banking and Post Offices,P.Vehiches,0.130989112,5.83E-43
ENGATIVA,Banking and Post Offices,Walking,0.138187625,1.17E-47
ENGATIVA,Banking and Post Offices,Cycling,0.059378692,1.45E-08
ENGATIVA,ALL Commercial Activity,Transmilenio,0.200164181,5.44E-30
ENGATIVA,ALL Commercial Activity,SITP,0.121558459,5.81E-43
ENGATIVA,ALL Commercial Activity,P.Vehiches,0.211639264,2.08E-128
ENGATIVA,ALL Commercial Activity,Walking,0.211622019,2.18E-128
ENGATIVA,ALL Commercial Activity,Cycling,-0.036107427,0.000206679
SUBA,Wholesale,Transmilenio,0.056479441,0.000205322
SUBA,Wholesale,SITP,0.108494095,1.53E-47
SUBA,Wholesale,P.Vehiches,0.250179615,5.06E-251
SUBA,Wholesale,Walking,0.206268995,1.52E-169
SUBA,Wholesale,Cycling,0.00100226,0.908948186
SUBA,Used Goods,Transmilenio,0.012381007,0.427752576
SUBA,Used Goods,SITP,0.193010057,3.44E-151
SUBA,Used Goods,P.Vehiches,0.146412359,3.87E-87
SUBA,Used Goods,Walking,0.304530795,0
SUBA,Used Goods,Cycling,0.065716244,5.68E-14
SUBA,Retail,Transmilenio,-5.86E-05,0.996913584
SUBA,Retail,SITP,0.214663217,7.40E-196
SUBA,Retail,P.Vehiches,0.088844887,1.99E-34
SUBA,Retail,Walking,0.425996796,0
SUBA,Retail,Cycling,0.039698274,4.41E-06
SUBA,"Restaurants, Cafés and Bars",Transmilenio,-0.00961255,0.526481532
SUBA,"Restaurants, Cafés and Bars",SITP,0.230501159,4.54E-221
SUBA,"Restaurants, Cafés and Bars",P.Vehiches,0.120694411,7.80E-61
SUBA,"Restaurants, Cafés and Bars",Walking,0.421709116,0
SUBA,"Restaurants, Cafés and Bars",Cycling,0.082230024,8.55E-21
SUBA,Personal Care,Transmilenio,-0.0239685,0.124818283
SUBA,Personal Care,SITP,0.110575009,1.84E-48
SUBA,Personal Care,P.Vehiches,0.123301636,6.62E-60
SUBA,Personal Care,Walking,0.276087619,7.16E-302
SUBA,Personal Care,Cycling,-0.067941236,1.93E-14
SUBA,Cultural and Entertainment,Transmilenio,-0.074183375,1.58E-06
SUBA,Cultural and Entertainment,SITP,0.183854547,2.48E-136
SUBA,Cultural and Entertainment,P.Vehiches,0.008473296,0.256143821
SUBA,Cultural and Entertainment,Walking,0.381742531,0
SUBA,Cultural and Entertainment,Cycling,-0.018342225,0.036644707
SUBA,Banking and Post Offices,Transmilenio,0.182311519,3.39E-26
SUBA,Banking and Post Offices,SITP,0.232408141,2.63E-141
SUBA,Banking and Post Offices,P.Vehiches,0.193390182,1.28E-97
SUBA,Banking and Post Offices,Walking,-0.000771773,0.933941018
SUBA,Banking and Post Offices,Cycling,-0.104777528,5.69E-22
SUBA,ALL Commercial Activity,Transmilenio,0.001329704,0.93008704
SUBA,ALL Commercial Activity,SITP,0.220904013,4.33E-209
SUBA,ALL Commercial Activity,P.Vehiches,0.129247692,1.06E-71
SUBA,ALL Commercial Activity,Walking,0.434669775,0
SUBA,ALL Commercial Activity,Cycling,0.048711876,1.63E-08
